id,quote,character_name,anime_name
1,"I am always serious. Don't make me say it again.",Saitama,One Punch Man
2,"The only ones who should kill are those who are prepared to be killed.",Lelouch Lamperouge,Code Geass
3,"People die if they are killed.",Shirou Emiya,Fate/stay night
4,"Believe in the me that believes in you.",Simon,Gurren Lagann
5,"I don't want to conquer anything. I just think the guy with the most freedom in this whole ocean... that's the Pirate King!",Monkey D. Luffy,One Piece
6,"It's not the face that makes someone a monster; it's the choices they make with their lives.",Naruto Uzumaki,Naruto
7,"I'm not gonna run away, I never go back on my word! That's my nindo: my ninja way.",Naruto Uzumaki,Naruto
8,"I'm not gonna be king. I don't want to be king. That's not what I'm after. All I want is to be the strongest!",Gol D. Roger,One Piece
9,"I don't want to conquer the world. I just want to succeed the world.",Monkey D. Luffy,One Piece
10,"If you win, you live. If you lose, you die. If you don't fight, you can't win!",Eren Yeager,Attack on Titan
11,"No one knows what the future holds. That's why its potential is infinite.",Rintarou Okabe,Steins;Gate
12,"People's feelings are memories that transcend time.",Yuki Nagato,The Melancholy of Haruhi Suzumiya
13,"In our society, letting others find out that you're a nice person is a very risky move. It's extremely likely that someone would take advantage of that.",Hitagi Senjougahara,Bakemonogatari
14,"Even if I can't see you, even if we are separated far apart, I will always be watching after you.",Makoto Naegi,Danganronpa: The Animation
15,"Fear is freedom! Subjugation is liberation! Contradiction is truth! These are the truths of this world!",Satsuki Kiryuin,Kill la Kill
16,"The world is cruel, and the only morality in a cruel world is chance.",Harvey Dent,"The Dark Knight (Not an anime, but a memorable quote)"
17,"There's no such thing as a painless lesson; they just don't exist. Sacrifices are necessary. You can't gain anything without losing something first.",Edward Elric,Fullmetal Alchemist
18,"If you're gonna insist that evil is something that can be destroyed, then what purpose does that make you serve? We don't need someone to do that. Just seeing other people get along is more than enough. Striving to be the best there is and going as far as you can go—that's what we all should be doing.",Gildarts Clive,Fairy Tail
19,"If you don't take risks, you can't create a future.",Monkey D. Luffy,One Piece
20,"There's no way I was born to just die.",Ichigo Kurosaki,Bleach
21,"When you have to save yourself, save your own life. Go as far as you can, and you'll find yourself.",Eren Yeager,Attack on Titan
22,"I'm not gonna run. I'm going to stand here with my comrades. It doesn't matter how heavy the burden, I'll keep moving forward.",Naruto Uzumaki,Naruto Shippuden
23,"A sword is a weapon. The art of swordsmanship is learning how to kill. That is the truth.",Kenshin Himura,Rurouni Kenshin
24,"When you have to save yourself, save your own life. Go as far as you can, and you'll find yourself.",Eren Yeager,Attack on Titan
25,"There's no way I was born to just die.",Ichigo Kurosaki,Bleach
26,"I'm not gonna run. I'm going to stand here with my comrades. It doesn't matter how heavy the burden, I'll keep moving forward.",Naruto Uzumaki,Naruto Shippuden
27,"A sword is a weapon. The art of swordsmanship is learning how to kill. That is the truth.",Kenshin Himura,Rurouni Kenshin
28,"Don't beg for things. Do it yourself, or else you won't get anything.",Adrock Thurston,Eureka Seven
29,"The only thing you can change about the past is how you feel about it in the present.",Kiryu Kazuma,Yakuza: Like a Dragon
30,"In our society, letting others find out that you're a nice person is a very risky move. It's extremely likely that someone would take advantage of that.",Hitagi Senjougahara,Bakemonogatari
31,"Even if I can't see you, even if we are separated far apart, I will always be watching after you.",Makoto Naegi,Danganronpa: The Animation
32,"Fear is freedom! Subjugation is liberation! Contradiction is truth! These are the truths of this world!",Satsuki Kiryuin,Kill la Kill
33,"The world is cruel, and the only morality in a cruel world is chance.",Harvey Dent,"The Dark Knight (Not an anime, but a memorable quote)"
34,"There's no such thing as a painless lesson; they just don't exist. Sacrifices are necessary. You can't gain anything without losing something first.",Edward Elric,Fullmetal Alchemist
35,"If you're gonna insist that evil is something that can be destroyed, then what purpose does that make you serve? We don't need someone to do that. Just seeing other people get along is more than enough. Striving to be the best there is and going as far as you can go—that's what we all should be doing.",Gildarts Clive,Fairy Tail
36,"If you don't take risks, you can't create a future.",Monkey D. Luffy,One Piece
37,"I'm not gonna run. I'm going to stand here with my comrades. It doesn't matter how heavy the burden, I'll keep moving forward.",Naruto Uzumaki,Naruto Shippuden
38,"A sword is a weapon. The art of swordsmanship is learning how to kill. That is the truth.",Kenshin Himura,Rurouni Kenshin
39,"When you have to save yourself, save your own life. Go as far as you can, and you'll find yourself.",Eren Yeager,Attack on Titan
40,"There's no way I was born to just die.",Ichigo Kurosaki,Bleach
41,"I'm not gonna run. I'm going to stand here with my comrades. It doesn't matter how heavy the burden, I'll keep moving forward.",Naruto Uzumaki,Naruto Shippuden
42,"A sword is a weapon. The art of swordsmanship is learning how to kill. That is the truth.",Kenshin Himura,Rurouni Kenshin
43,"Don't beg for things. Do it yourself, or else you won't get anything.",Adrock Thurston,Eureka Seven
44,"The only thing you can change about the past is how you feel about it in the present.",Kiryu Kazuma,Yakuza: Like a Dragon
45,"In our society, letting others find out that you're a nice person is a very risky move. It's extremely likely that someone would take advantage of that.",Hitagi Senjougahara,Bakemonogatari
46,"Even if I can't see you, even if we are separated far apart, I will always be watching after you.",Makoto Naegi,Danganronpa: The Animation
47,"Fear is freedom! Subjugation is liberation! Contradiction is truth! These are the truths of this world!",Satsuki Kiryuin,Kill la Kill
48,"The world is cruel, and the only morality in a cruel world is chance.",Harvey Dent,"The Dark Knight (Not an anime, but a memorable quote)"
49,"There's no such thing as a painless lesson; they just don't exist. Sacrifices are necessary. You can't gain anything without losing something first.",Edward Elric,Fullmetal Alchemist
50,"If you're gonna insist that evil is something that can be destroyed, then what purpose does that make you serve? We don't need someone to do that. Just seeing other people get along is more than enough. Striving to be the best there is and going as far as you can go—that's what we all should be doing.",Gildarts Clive,Fairy Tail
51,"If you don't take risks, you can't create a future.",Monkey D. Luffy,One Piece
52,"I'm not gonna run. I'm going to stand here with my comrades. It doesn't matter how heavy the burden, I'll keep moving forward.",Naruto Uzumaki,Naruto Shippuden
53,"A sword is a weapon. The art of swordsmanship is learning how to kill. That is the truth.",Kenshin Himura,Rurouni Kenshin
54,"When you have to save yourself, save your own life. Go as far as you can, and you'll find yourself.",Eren Yeager,Attack on Titan
55,"There's no way I was born to just die.",Ichigo Kurosaki,Bleach
56,"I'm not gonna run. I'm going to stand here with my comrades. It doesn't matter how heavy the burden, I'll keep moving forward.",Naruto Uzumaki,Naruto Shippuden
57,"A sword is a weapon. The art of swordsmanship is learning how to kill. That is the truth.",Kenshin Himura,Rurouni Kenshin
58,"Don't beg for things. Do it yourself, or else you won't get anything.",Adrock Thurston,Eureka Seven
59,"The only thing you can change about the past is how you feel about it in the present.",Kiryu Kazuma,Yakuza: Like a Dragon
60,"In our society, letting others find out that you're a nice person is a very risky move. It's extremely likely that someone would take advantage of that.",Hitagi Senjougahara,Bakemonogatari
61,"Even if I can't see you, even if we are separated far apart, I will always be watching after you.",Makoto Naegi,Danganronpa: The Animation
62,"Fear is freedom! Subjugation is liberation! Contradiction is truth! These are the truths of this world!",Satsuki Kiryuin,Kill la Kill
63,"The world is cruel, and the only morality in a cruel world is chance.",Harvey Dent,"The Dark Knight (Not an anime, but a memorable quote)"
64,"There's no such thing as a painless lesson; they just don't exist. Sacrifices are necessary. You can't gain anything without losing something first.",Edward Elric,Fullmetal Alchemist
65,"If you're gonna insist that evil is something that can be destroyed, then what purpose does that make you serve? We don't need someone to do that. Just seeing other people get along is more than enough. Striving to be the best there is and going as far as you can go—that's what we all should be doing.",Gildarts Clive,Fairy Tail
66,"If you don't take risks, you can't create a future.",Monkey D. Luffy,One Piece
67,"I'm not gonna run. I'm going to stand here with my comrades. It doesn't matter how heavy the burden, I'll keep moving forward.",Naruto Uzumaki,Naruto Shippuden
68,"A sword is a weapon. The art of swordsmanship is learning how to kill. That is the truth.",Kenshin Himura,Rurouni Kenshin
69,"When you have to save yourself, save your own life. Go as far as you can, and you'll find yourself.",Eren Yeager,Attack on Titan
70,"There's no way I was born to just die.",Ichigo Kurosaki,Bleach
71,"I'm not gonna run. I'm going to stand here with my comrades. It doesn't matter how heavy the burden, I'll keep moving forward.",Naruto Uzumaki,Naruto Shippuden
72,"A sword is a weapon. The art of swordsmanship is learning how to kill. That is the truth.",Kenshin Himura,Rurouni Kenshin
73,"Don't beg for things. Do it yourself, or else you won't get anything.",Adrock Thurston,Eureka Seven
74,"The only thing you can change about the past is how you feel about it in the present.",Kiryu Kazuma,Yakuza: Like a Dragon
75,"In our society, letting others find out that you're a nice person is a very risky move. It's extremely likely that someone would take advantage of that.",Hitagi Senjougahara,Bakemonogatari
76,"Even if I can't see you, even if we are separated far apart, I will always be watching after you.",Makoto Naegi,Danganronpa: The Animation
77,"Fear is freedom! Subjugation is liberation! Contradiction is truth! These are the truths of this world!",Satsuki Kiryuin,Kill la Kill
78,"The world is cruel, and the only morality in a cruel world is chance.",Harvey Dent,"The Dark Knight (Not an anime, but a memorable quote)"
79,"There's no such thing as a painless lesson; they just don't exist. Sacrifices are necessary. You can't gain anything without losing something first.",Edward Elric,Fullmetal Alchemist
80,"If you're gonna insist that evil is something that can be destroyed, then what purpose does that make you serve? We don't need someone to do that. Just seeing other people get along is more than enough. Striving to be the best there is and going as far as you can go—that's what we all should be doing.",Gildarts Clive,Fairy Tail
81,"If you don't take risks, you can't create a future.",Monkey D. Luffy,One Piece
82,"I'm not gonna run. I'm going to stand here with my comrades. It doesn't matter how heavy the burden, I'll keep moving forward.",Naruto Uzumaki,Naruto Shippuden
83,"A sword is a weapon. The art of swordsmanship is learning how to kill. That is the truth.",Kenshin Himura,Rurouni Kenshin
84,"When you have to save yourself, save your own life. Go as far as you can, and you'll find yourself.",Eren Yeager,Attack on Titan
85,"There's no way I was born to just die.",Ichigo Kurosaki,Bleach
86,"I'm not gonna run. I'm going to stand here with my comrades. It doesn't matter how heavy the burden, I'll keep moving forward.",Naruto Uzumaki,Naruto Shippuden
87,"A sword is a weapon. The art of swordsmanship is learning how to kill. That is the truth.",Kenshin Himura,Rurouni Kenshin
88,"Don't beg for things. Do it yourself, or else you won't get anything.",Adrock Thurston,Eureka Seven
89,"The only thing you can change about the past is how you feel about it in the present.",Kiryu Kazuma,Yakuza: Like a Dragon
90,"In our society, letting others find out that you're a nice person is a very risky move. It's extremely likely that someone would take advantage of that.",Hitagi Senjougahara,Bakemonogatari
91,"Even if I can't see you, even if we are separated far apart, I will always be watching after you.",Makoto Naegi,Danganronpa: The Animation
92,"Fear is freedom! Subjugation is liberation! Contradiction is truth! These are the truths of this world!",Satsuki Kiryuin,Kill la Kill
93,"The world is cruel, and the only morality in a cruel world is chance.",Harvey Dent, "The Dark Knight (Not an anime, but a memorable quote)"
94,"There's no such thing as a painless lesson; they just don't exist. Sacrifices are necessary. You can't gain anything without losing something first.",Edward Elric,Fullmetal Alchemist
95,"If you're gonna insist that evil is something that can be destroyed, then what purpose does that make you serve? We don't need someone to do that. Just seeing other people get along is more than enough. Striving to be the best there is and going as far as you can go—that's what we all should be doing.",Gildarts Clive,Fairy Tail
96,"If you don't take risks, you can't create a future.",Monkey D. Luffy,One Piece
97,"I'm not gonna run. I'm going to stand here with my comrades. It doesn't matter how heavy the burden, I'll keep moving forward.",Naruto Uzumaki,Naruto Shippuden
98,"A sword is a weapon. The art of swordsmanship is learning how to kill. That is the truth.",Kenshin Himura,Rurouni Kenshin
99,"When you have to save yourself, save your own life. Go as far as you can, and you'll find yourself.",Eren Yeager,Attack on Titan
100,"There's no way I was born to just die.",Ichigo Kurosaki,Bleach
101,"No matter how deep the night, it always turns to day, eventually.",Brook,One Piece
102,"The only way to deal with fear is to face it head on.",Lan Fan,Fullmetal Alchemist: Brotherhood
103,"When you have to save someone, they're usually in a scary situation. It's a real pain, but the other side is that it feels good to be able to save someone.",Koyomi Araragi,Bakemonogatari
104,"It's okay not to be okay as long as you are not giving up.",Karen Aijou,Revue Starlight
105,"Don't forget. Always, somewhere, someone is fighting for you. As long as you remember her, you are not alone.",Madoka Kaname,Puella Magi Madoka Magica
106,"It's not the face that makes someone a monster; it's the choices they make with their lives.",Naruto Uzumaki,Naruto
107,"I'm not gonna run away, I never go back on my word! That's my nindo: my ninja way.",Naruto Uzumaki,Naruto
108,"I'm not gonna be king. I don't want to be king. That's not what I'm after. All I want is to be the strongest!",Gol D. Roger,One Piece
109,"I don't want to conquer the world. I just want to succeed the world.",Monkey D. Luffy,One Piece
110,"If you win, you live. If you lose, you die. If you don't fight, you can't win!",Eren Yeager,Attack on Titan
111,"No matter how deep the night, it always turns to day, eventually.",Brook,One Piece
112,"The only way to deal with fear is to face it head on.",Lan Fan,Fullmetal Alchemist: Brotherhood
113,"When you have to save someone, they're usually in a scary situation. It's a real pain, but the other side is that it feels good to be able to save someone.",Koyomi Araragi,Bakemonogatari
114,"It's okay not to be okay as long as you are not giving up.",Karen Aijou,Revue Starlight
115,"Don't forget. Always, somewhere, someone is fighting for you. As long as you remember her, you are not alone.",Madoka Kaname,Puella Magi Madoka Magica
116,"It's not the face that makes someone a monster; it's the choices they make with their lives.",Naruto Uzumaki,Naruto
117,"I'm not gonna run away, I never go back on my word! That's my nindo: my ninja way.",Naruto Uzumaki,Naruto
118,"I'm not gonna be king. I don't want to be king. That's not what I'm after. All I want is to be the strongest!",Gol D. Roger,One Piece
119,"I don't want to conquer the world. I just want to succeed the world.",Monkey D. Luffy,One Piece
120,"If you win, you live. If you lose, you die. If you don't fight, you can't win!",Eren Yeager,Attack on Titan
121,"No matter how deep the night, it always turns to day, eventually.",Brook,One Piece
122,"The only way to deal with fear is to face it head on.",Lan Fan,Fullmetal Alchemist: Brotherhood
123,"When you have to save someone, they're usually in a scary situation. It's a real pain, but the other side is that it feels good to be able to save someone.",Koyomi Araragi,Bakemonogatari
124,"It's okay not to be okay as long as you are not giving up.",Karen Aijou,Revue Starlight
125,"Don't forget. Always, somewhere, someone is fighting for you. As long as you remember her, you are not alone.",Madoka Kaname,Puella Magi Madoka Magica
126,"It's not the face that makes someone a monster; it's the choices they make with their lives.",Naruto Uzumaki,Naruto
127,"I'm not gonna run away, I never go back on my word! That's my nindo: my ninja way.",Naruto Uzumaki,Naruto
128,"I'm not gonna be king. I don't want to be king. That's not what I'm after. All I want is to be the strongest!",Gol D. Roger,One Piece
129,"I don't want to conquer the world. I just want to succeed the world.",Monkey D. Luffy,One Piece
130,"If you win, you live. If you lose, you die. If you don't fight, you can't win!",Eren Yeager,Attack on Titan
131,"No matter how deep the night, it always turns to day, eventually.",Brook,One Piece
132,"The only way to deal with fear is to face it head on.",Lan Fan,Fullmetal Alchemist: Brotherhood
133,"When you have to save someone, they're usually in a scary situation. It's a real pain, but the other side is that it feels good to be able to save someone.",Koyomi Araragi,Bakemonogatari
134,"It's okay not to be okay as long as you are not giving up.",Karen Aijou,Revue Starlight
135,"Don't forget. Always, somewhere, someone is fighting for you. As long as you remember her, you are not alone.",Madoka Kaname,Puella Magi Madoka Magica
136,"It's not the face that makes someone a monster; it's the choices they make with their lives.",Naruto Uzumaki,Naruto
137,"I'm not gonna run away, I never go back on my word! That's my nindo: my ninja way.",Naruto Uzumaki,Naruto
138,"I'm not gonna be king. I don't want to be king. That's not what I'm after. All I want is to be the strongest!",Gol D. Roger,One Piece
139,"I don't want to conquer the world. I just want to succeed the world.",Monkey D. Luffy,One Piece
140,"If you win, you live. If you lose, you die. If you don't fight, you can't win!",Eren Yeager,Attack on Titan
141,"No matter how deep the night, it always turns to day, eventually.",Brook,One Piece
142,"The only way to deal with fear is to face it head on.",Lan Fan,Fullmetal Alchemist: Brotherhood
143,"When you have to save someone, they're usually in a scary situation. It's a real pain, but the other side is that it feels good to be able to save someone.",Koyomi Araragi,Bakemonogatari
144,"It's okay not to be okay as long as you are not giving up.",Karen Aijou,Revue Starlight
145,"Don't forget. Always, somewhere, someone is fighting for you. As long as you remember her, you are not alone.",Madoka Kaname,Puella Magi Madoka Magica
146,"It's not the face that makes someone a monster; it's the choices they make with their lives.",Naruto Uzumaki,Naruto
147,"I'm not gonna run away, I never go back on my word! That's my nindo: my ninja way.",Naruto Uzumaki,Naruto
148,"I'm not gonna be king. I don't want to be king. That's not what I'm after. All I want is to be the strongest!",Gol D. Roger,One Piece
149,"I don't want to conquer the world. I just want to succeed the world.",Monkey D. Luffy,One Piece
150,"If you win, you live. If you lose, you die. If you don't fight, you can't win!",Eren Yeager,Attack on Titan
151,"No matter how deep the night, it always turns to day, eventually.",Brook,One Piece
152,"The only way to deal with fear is to face it head on.",Lan Fan,Fullmetal Alchemist: Brotherhood
153,"When you have to save someone, they're usually in a scary situation. It's a real pain, but the other side is that it feels good to be able to save someone.",Koyomi Araragi,Bakemonogatari
154,"It's okay not to be okay as long as you are not giving up.",Karen Aijou,Revue Starlight
155,"Don't forget. Always, somewhere, someone is fighting for you. As long as you remember her, you are not alone.",Madoka Kaname,Puella Magi Madoka Magica
156,"It's not the face that makes someone a monster; it's the choices they make with their lives.",Naruto Uzumaki,Naruto
157,"I'm not gonna run away, I never go back on my word! That's my nindo: my ninja way.",Naruto Uzumaki,Naruto
158,"I'm not gonna be king. I don't want to be king. That's not what I'm after. All I want is to be the strongest!",Gol D. Roger,One Piece
159,"I don't want to conquer the world. I just want to succeed the world.",Monkey D. Luffy,One Piece
160,"If you win, you live. If you lose, you die. If you don't fight, you can't win!",Eren Yeager,Attack on Titan
161,"No matter how deep the night, it always turns to day, eventually.",Brook,One Piece
162,"The only way to deal with fear is to face it head on.",Lan Fan,Fullmetal Alchemist: Brotherhood
163,"When you have to save someone, they're usually in a scary situation. It's a real pain, but the other side is that it feels good to be able to save someone.",Koyomi Araragi,Bakemonogatari
164,"It's okay not to be okay as long as you are not giving up.",Karen Aijou,Revue Starlight
165,"Don't forget. Always, somewhere, someone is fighting for you. As long as you remember her, you are not alone.",Madoka Kaname,Puella Magi Madoka Magica
166,"It's not the face that makes someone a monster; it's the choices they make with their lives.",Naruto Uzumaki,Naruto
167,"I'm not gonna run away, I never go back on my word! That's my nindo: my ninja way.",Naruto Uzumaki,Naruto
168,"I'm not gonna be king. I don't want to be king. That's not what I'm after. All I want is to be the strongest!",Gol D. Roger,One Piece
169,"I don't want to conquer the world. I just want to succeed the world.",Monkey D. Luffy,One Piece
170,"If you win, you live. If you lose, you die. If you don't fight, you can't win!",Eren Yeager,Attack on Titan
171,"No matter how deep the night, it always turns to day, eventually.",Brook,One Piece
172,"The only way to deal with fear is to face it head on.",Lan Fan,Fullmetal Alchemist: Brotherhood
173,"When you have to save someone, they're usually in a scary situation. It's a real pain, but the other side is that it feels good to be able to save someone.",Koyomi Araragi,Bakemonogatari
174,"It's okay not to be okay as long as you are not giving up.",Karen Aijou,Revue Starlight
175,"Don't forget. Always, somewhere, someone is fighting for you. As long as you remember her, you are not alone.",Madoka Kaname,Puella Magi Madoka Magica
176,"It's not the face that makes someone a monster; it's the choices they make with their lives.",Naruto Uzumaki,Naruto
177,"I'm not gonna run away, I never go back on my word! That's my nindo: my ninja way.",Naruto Uzumaki,Naruto
178,"I'm not gonna be king. I don't want to be king. That's not what I'm after. All I want is to be the strongest!",Gol D. Roger,One Piece
179,"I don't want to conquer the world. I just want to succeed the world.",Monkey D. Luffy,One Piece
180,"If you win, you live. If you lose, you die. If you don't fight, you can't win!",Eren Yeager,Attack on Titan
181,"No matter how deep the night, it always turns to day, eventually.",Brook,One Piece
182,"The only way to deal with fear is to face it head on.",Lan Fan,Fullmetal Alchemist: Brotherhood
183,"When you have to save someone, they're usually in a scary situation. It's a real pain, but the other side is that it feels good to be able to save someone.",Koyomi Araragi,Bakemonogatari
184,"It's okay not to be okay as long as you are not giving up.",Karen Aijou,Revue Starlight
185,"Don't forget. Always, somewhere, someone is fighting for you. As long as you remember her, you are not alone.",Madoka Kaname,Puella Magi Madoka Magica
186,"It's not the face that makes someone a monster; it's the choices they make with their lives.",Naruto Uzumaki,Naruto
187,"I'm not gonna run away, I never go back on my word! That's my nindo: my ninja way.",Naruto Uzumaki,Naruto
188,"I'm not gonna be king. I don't want to be king. That's not what I'm after. All I want is to be the strongest!",Gol D. Roger,One Piece
189,"I don't want to conquer the world. I just want to succeed the world.",Monkey D. Luffy,One Piece
190,"If you win, you live. If you lose, you die. If you don't fight, you can't win!",Eren Yeager,Attack on Titan
191,"No matter how deep the night, it always turns to day, eventually.",Brook,One Piece
192,"The only way to deal with fear is to face it head on.",Lan Fan,Fullmetal Alchemist: Brotherhood
193,"When you have to save someone, they're usually in a scary situation. It's a real pain, but the other side is that it feels good to be able to save someone.",Koyomi Araragi,Bakemonogatari
194,"It's okay not to be okay as long as you are not giving up.",Karen Aijou,Revue Starlight
195,"Don't forget. Always, somewhere, someone is fighting for you. As long as you remember her, you are not alone.",Madoka Kaname,Puella Magi Madoka Magica
196,"It's not the face that makes someone a monster; it's the choices they make with their lives.",Naruto Uzumaki,Naruto
197,"I'm not gonna run away, I never go back on my word! That's my nindo: my ninja way.",Naruto Uzumaki,Naruto
198,"I'm not gonna be king. I don't want to be king. That's not what I'm after. All I want is to be the strongest!",Gol D. Roger,One Piece
199,"I don't want to conquer the world. I just want to succeed the world.",Monkey D. Luffy,One Piece
200,"If you win, you live. If you lose, you die. If you don't fight, you can't win!",Eren Yeager,Attack on Titan
201,"No matter how deep the night, it always turns to day, eventually.",Brook,One Piece
202,"The only way to deal with fear is to face it head on.",Lan Fan,Fullmetal Alchemist: Brotherhood
203,"When you have to save someone, they're usually in a scary situation. It's a real pain, but the other side is that it feels good to be able to save someone.",Koyomi Araragi,Bakemonogatari
204,"It's okay not to be okay as long as you are not giving up.",Karen Aijou,Revue Starlight
205,"Don't forget. Always, somewhere, someone is fighting for you. As long as you remember her, you are not alone.",Madoka Kaname,Puella Magi Madoka Magica
206,"It's not the face that makes someone a monster; it's the choices they make with their lives.",Naruto Uzumaki,Naruto
207,"I'm not gonna run away, I never go back on my word! That's my nindo: my ninja way.",Naruto Uzumaki,Naruto
208,"I'm not gonna be king. I don't want to be king. That's not what I'm after. All I want is to be the strongest!",Gol D. Roger,One Piece
209,"I don't want to conquer the world. I just want to succeed the world.",Monkey D. Luffy,One Piece
210,"If you win, you live. If you lose, you die. If you don't fight, you can't win!",Eren Yeager,Attack on Titan
211,"No matter how deep the night, it always turns to day, eventually.",Brook,One Piece
212,"The only way to deal with fear is to face it head on.",Lan Fan,Fullmetal Alchemist: Brotherhood
213,"When you have to save someone, they're usually in a scary situation. It's a real pain, but the other side is that it feels good to be able to save someone.",Koyomi Araragi,Bakemonogatari
214,"It's okay not to be okay as long as you are not giving up.",Karen Aijou,Revue Starlight
215,"Don't forget. Always, somewhere, someone is fighting for you. As long as you remember her, you are not alone.",Madoka Kaname,Puella Magi Madoka Magica
216,"It's not the face that makes someone a monster; it's the choices they make with their lives.",Naruto Uzumaki,Naruto
217,"I'm not gonna run away, I never go back on my word! That's my nindo: my ninja way.",Naruto Uzumaki,Naruto
218,"I'm not gonna be king. I don't want to be king. That's not what I'm after. All I want is to be the strongest!",Gol D. Roger,One Piece
219,"I don't want to conquer the world. I just want to succeed the world.",Monkey D. Luffy,One Piece
220,"If you win, you live. If you lose, you die. If you don't fight, you can't win!",Eren Yeager,Attack on Titan
221,"No matter how deep the night, it always turns to day, eventually.",Brook,One Piece
222,"The only way to deal with fear is to face it head on.",Lan Fan,Fullmetal Alchemist: Brotherhood
223,"When you have to save someone, they're usually in a scary situation. It's a real pain, but the other side is that it feels good to be able to save someone.",Koyomi Araragi,Bakemonogatari
224,"It's okay not to be okay as long as you are not giving up.",Karen Aijou,Revue Starlight
225,"Don't forget. Always, somewhere, someone is fighting for you. As long as you remember her, you are not alone.",Madoka Kaname,Puella Magi Madoka Magica
226,"It's not the face that makes someone a monster; it's the choices they make with their lives.",Naruto Uzumaki,Naruto
227,"I'm not gonna run away, I never go back on my word! That's my nindo: my ninja way.",Naruto Uzumaki,Naruto
228,"I'm not gonna be king. I don't want to be king. That's not what I'm after. All I want is to be the strongest!",Gol D. Roger,One Piece
229,"I don't want to conquer the world. I just want to succeed the world.",Monkey D. Luffy,One Piece
230,"If you win, you live. If you lose, you die. If you don't fight, you can't win!",Eren Yeager,Attack on Titan
231,"No matter how deep the night, it always turns to day, eventually.",Brook,One Piece
232,"The only way to deal with fear is to face it head on.",Lan Fan,Fullmetal Alchemist: Brotherhood
233,"When you have to save someone, they're usually in a scary situation. It's a real pain, but the other side is that it feels good to be able to save someone.",Koyomi Araragi,Bakemonogatari
234,"It's okay not to be okay as long as you are not giving up.",Karen Aijou,Revue Starlight
235,"Don't forget. Always, somewhere, someone is fighting for you. As long as you remember her, you are not alone.",Madoka Kaname,Puella Magi Madoka Magica
236,"It's not the face that makes someone a monster; it's the choices they make with their lives.",Naruto Uzumaki,Naruto
237,"I'm not gonna run away, I never go back on my word! That's my nindo: my ninja way.",Naruto Uzumaki,Naruto
238,"I'm not gonna be king. I don't want to be king. That's not what I'm after. All I want is to be the strongest!",Gol D. Roger,One Piece
239,"I don't want to conquer the world. I just want to succeed the world.",Monkey D. Luffy,One Piece
240,"If you win, you live. If you lose, you die. If you don't fight, you can't win!",Eren Yeager,Attack on Titan
241,"No matter how deep the night, it always turns to day, eventually.",Brook,One Piece
242,"The only way to deal with fear is to face it head on.",Lan Fan,Fullmetal Alchemist: Brotherhood
243,"When you have to save someone, they're usually in a scary situation. It's a real pain, but the other side is that it feels good to be able to save someone.",Koyomi Araragi,Bakemonogatari
244,"It's okay not to be okay as long as you are not giving up.",Karen Aijou,Revue Starlight
245,"Don't forget. Always, somewhere, someone is fighting for you. As long as you remember her, you are not alone.",Madoka Kaname,Puella Magi Madoka Magica
246,"It's not the face that makes someone a monster; it's the choices they make with their lives.",Naruto Uzumaki,Naruto
247,"I'm not gonna run away, I never go back on my word! That's my nindo: my ninja way.",Naruto Uzumaki,Naruto
248,"I'm not gonna be king. I don't want to be king. That's not what I'm after. All I want is to be the strongest!",Gol D. Roger,One Piece
249,"I don't want to conquer the world. I just want to succeed the world.",Monkey D. Luffy,One Piece
250,"If you win, you live. If you lose, you die. If you don't fight, you can't win!",Eren Yeager,Attack on Titan
251,"No matter how deep the night, it always turns to day, eventually.",Brook,One Piece
252,"The only way to deal with fear is to face it head on.",Lan Fan,Fullmetal Alchemist: Brotherhood
253,"When you have to save someone, they're usually in a scary situation. It's a real pain, but the other side is that it feels good to be able to save someone.",Koyomi Araragi,Bakemonogatari
254,"It's okay not to be okay as long as you are not giving up.",Karen Aijou,Revue Starlight
255,"Don't forget. Always, somewhere, someone is fighting for you. As long as you remember her, you are not alone.",Madoka Kaname,Puella Magi Madoka Magica
256,"It's not the face that makes someone a monster; it's the choices they make with their lives.",Naruto Uzumaki,Naruto
257,"I'm not gonna run away, I never go back on my word! That's my nindo: my ninja way.",Naruto Uzumaki,Naruto
258,"I'm not gonna be king. I don't want to be king. That's not what I'm after. All I want is to be the strongest!",Gol D. Roger,One Piece
259,"I don't want to conquer the world. I just want to succeed the world.",Monkey D. Luffy,One Piece
260,"If you win, you live. If you lose, you die. If you don't fight, you can't win!",Eren Yeager,Attack on Titan
261,"No matter how deep the night, it always turns to day, eventually.",Brook,One Piece
262,"The only way to deal with fear is to face it head on.",Lan Fan,Fullmetal Alchemist: Brotherhood
263,"When you have to save someone, they're usually in a scary situation. It's a real pain, but the other side is that it feels good to be able to save someone.",Koyomi Araragi,Bakemonogatari
264,"It's okay not to be okay as long as you are not giving up.",Karen Aijou,Revue Starlight
265,"Don't forget. Always, somewhere, someone is fighting for you. As long as you remember her, you are not alone.",Madoka Kaname,Puella Magi Madoka Magica
266,"It's not the face that makes someone a monster; it's the choices they make with their lives.",Naruto Uzumaki,Naruto
267,"I'm not gonna run away, I never go back on my word! That's my nindo: my ninja way.",Naruto Uzumaki,Naruto
268,"I'm not gonna be king. I don't want to be king. That's not what I'm after. All I want is to be the strongest!",Gol D. Roger,One Piece
269,"I don't want to conquer the world. I just want to succeed the world.",Monkey D. Luffy,One Piece
270,"If you win, you live. If you lose, you die. If you don't fight, you can't win!",Eren Yeager,Attack on Titan
271,"No matter how deep the night, it always turns to day, eventually.",Brook,One Piece
272,"The only way to deal with fear is to face it head on.",Lan Fan,Fullmetal Alchemist: Brotherhood
273,"When you have to save someone, they're usually in a scary situation. It's a real pain, but the other side is that it feels good to be able to save someone.",Koyomi Araragi,Bakemonogatari
274,"It's okay not to be okay as long as you are not giving up.",Karen Aijou,Revue Starlight
275,"Don't forget. Always, somewhere, someone is fighting for you. As long as you remember her, you are not alone.",Madoka Kaname,Puella Magi Madoka Magica
276,"It's not the face that makes someone a monster; it's the choices they make with their lives.",Naruto Uzumaki,Naruto
277,"I'm not gonna run away, I never go back on my word! That's my nindo: my ninja way.",Naruto Uzumaki,Naruto
278,"I'm not gonna be king. I don't want to be king. That's not what I'm after. All I want is to be the strongest!",Gol D. Roger,One Piece
279,"I don't want to conquer the world. I just want to succeed the world.",Monkey D. Luffy,One Piece
280,"If you win, you live. If you lose, you die. If you don't fight, you can't win!",Eren Yeager,Attack on Titan
281,"No matter how deep the night, it always turns to day, eventually.",Brook,One Piece
282,"The only way to deal with fear is to face it head on.",Lan Fan,Fullmetal Alchemist: Brotherhood
283,"When you have to save someone, they're usually in a scary situation. It's a real pain, but the other side is that it feels good to be able to save someone.",Koyomi Araragi,Bakemonogatari
284,"It's okay not to be okay as long as you are not giving up.",Karen Aijou,Revue Starlight
285,"Don't forget. Always, somewhere, someone is fighting for you. As long as you remember her, you are not alone.",Madoka Kaname,Puella Magi Madoka Magica
286,"It's not the face that makes someone a monster; it's the choices they make with their lives.",Naruto Uzumaki,Naruto
287,"I'm not gonna run away, I never go back on my word! That's my nindo: my ninja way.",Naruto Uzumaki,Naruto
288,"I'm not gonna be king. I don't want to be king. That's not what I'm after. All I want is to be the strongest!",Gol D. Roger,One Piece
289,"I don't want to conquer the world. I just want to succeed the world.",Monkey D. Luffy,One Piece
290,"If you win, you live. If you lose, you die. If you don't fight, you can't win!",Eren Yeager,Attack on Titan
291, "No one knows what the future holds. That's why its potential is infinite.", Riko Aida, Kuroko's Basketball
292, "You have to take the good with the bad, smile when you're sad, love what you've got, and remember what you had. Always forgive, but never forget. Learn from mistakes, but never regret.", Rika Furude, Higurashi When They Cry
293, "Even if we forget the faces of our friends, we will never forget the bonds that were carved into our souls.", Simon, Tengen Toppa Gurren Lagann
294, "It's not the face that makes someone a monster; it's the choices they make with their lives.", Naruto Uzumaki, Naruto
295, "The world is not beautiful; and that, in a way, lends it a sort of beauty.", Kino, Kino's Journey
296, "I am the bone of my sword. Steel is my body, and fire is my blood. I have created over a thousand blades. Unknown to death. Nor known to life.", Archer, Fate/stay night
297, "To know sorrow is not terrifying. What is terrifying is to know you can't go back to happiness you could have.", Matsumoto Rangiku, Bleach
298, "No matter how deep the night, it always turns to day, eventually.", Brook, One Piece
299, "The only way to deal with fear is to face it head on.", Lan Fan, Fullmetal Alchemist: Brotherhood
300, "When you have to save someone, they're usually in a scary situation. It's a real pain, but the other side is that it feels good to be able to save someone.", Koyomi Araragi, Bakemonogatari
301, "It's okay not to be okay as long as you are not giving up.", Karen Aijou, Revue Starlight
302, "Don't forget. Always, somewhere, someone is fighting for you. As long as you remember her, you are not alone.", Madoka Kaname, Puella Magi Madoka Magica
303,"Even if we forget the faces of our friends, we will never forget the bonds that were carved into our souls.",Simon,Tengen Toppa Gurren Lagann
304,"It's not the face that makes someone a monster; it's the choices they make with their lives.",Naruto Uzumaki,Naruto
305,"The world is not beautiful; and that, in a way, lends it a sort of beauty.",Kino,Kino's Journey
306,"I am the bone of my sword. Steel is my body, and fire is my blood. I have created over a thousand blades. Unknown to death. Nor known to life.",Archer,Fate/stay night
307,"To know sorrow is not terrifying. What is terrifying is to know you can't go back to happiness you could have.",Matsumoto Rangiku,Bleach
308,"No matter how deep the night, it always turns to day, eventually.",Brook,One Piece
309,"The only way to deal with fear is to face it head on.",Lan Fan,Fullmetal Alchemist: Brotherhood
310,"When you have to save someone, they're usually in a scary situation. It's a real pain, but the other side is that it feels good to be able to save someone.",Koyomi Araragi,Bakemonogatari
311,"No one knows what the future holds. That's why its potential is infinite.",Riko Aida,Kuroko's Basketball
312,"You have to take the good with the bad, smile when you're sad, love what you've got, and remember what you had. Always forgive, but never forget. Learn from mistakes, but never regret.",Rika Furude,Higurashi When They Cry
314,"People are people. Sometimes they just can't think of anything but themselves." - Tatsuya Kimura, Your Lie in April
315,"Dreams save us. Dreams lift us up and transform us." - Superman (Manga version), Superman: Peace on Earth
316,"The world is cruel, and the only morality in a cruel world is chance." - Ichigo Kurosaki, Bleach
317,"The moment I got stabbed by your sword... I felt something I've never felt before." - Saber, Fate/stay night
318,"When you have to save someone, they're usually in a scary situation. It's a real pain, but the other side is that it feels good to be able to save someone." - Koyomi Araragi, Bakemonogatari
319,"We don't know what kind of people we truly are until the moment before our deaths. As death comes to embrace you, you will realize what you are." - Mugen, Samurai Champloo
320,"One for all, all for one, that's our motto, right?", Midoriya Izuku, My Hero Academia
321,"There is no such thing as coincidence in this world; there is only the inevitable.", Rintarou Okabe, Steins;Gate
322,"Just as a flower does not pick and choose the bees, we also don't choose the circumstances and events of our lives.", Ginko, Mushishi
323,"When you have to save someone, they're usually in a scary situation. It's a real pain, but the other side is that it feels good to be able to save someone.", Koyomi Araragi, Bakemonogatari
324,"We don't know what kind of people we truly are until the moment before our deaths. As death comes to embrace you, you will realize what you are.", Mugen, Samurai Champloo
325,"One for all, all for one, that's our motto, right?", Midoriya Izuku, My Hero Academia
326,"There is no such thing as coincidence in this world; there is only the inevitable.", Rintarou Okabe, Steins;Gate
327,"Just as a flower does not pick and choose the bees, we also don't choose the circumstances and events of our lives.", Ginko, Mushishi
328,"People die if they are killed.", Shirou Emiya, Fate/stay night
329,"The world is cruel, and the only morality in a cruel world is chance.", Ichigo Kurosaki, Bleach
330,"A person's limits aren't always what you expect them to be." - Kazuto Kirigaya (Kirito), Sword Art Online
331,"The only way to escape the abyss is to look at it, gauge it, sound it out, and descend into it.", Jin, Samurai Champloo
332,"People are people. Sometimes they just can't think of anything but themselves.", Tatsuya Kimura, Your Lie in April
333,"Dreams save us. Dreams lift us up and transform us." - Superman (Manga version), Superman: Peace on Earth
334,"The world is cruel, and the only morality in a cruel world is chance." - Ichigo Kurosaki, Bleach
335,"The moment I got stabbed by your sword... I felt something I've never felt before.", Saber, Fate/stay night
336,"When you have to save someone, they're usually in a scary situation. It's a real pain, but the other side is that it feels good to be able to save someone.", Koyomi Araragi, Bakemonogatari
337,"We don't know what kind of people we truly are until the moment before our deaths. As death comes to embrace you, you will realize what you are.", Mugen, Samurai Champloo
338,"One for all, all for one, that's our motto, right?", Midoriya Izuku, My Hero Academia
339,"There is no such thing as coincidence in this world; there is only the inevitable.", Rintarou Okabe, Steins;Gate
340,"Just as a flower does not pick and choose the bees, we also don't choose the circumstances and events of our lives.", Ginko, Mushishi
